{
  "xgb_metrics": {
    "name": "XGBoost",
    "accuracy": 0.9662219069994238,
    "roc_auc": 0.9949719758361286,
    "avg_precision": 0.9849457985325522,
    "f1_macro": 0.9492558341572577,
    "sensitivity": 0.9662633577673762,
    "specificity": 0.9662114943038747,
    "ppv": 0.8778080872913993,
    "npv": 0.9913050405726838,
    "tp": 65646,
    "tn": 261309,
    "fp": 9138,
    "fn": 2292
  },
  "lgb_metrics": {
    "name": "LightGBM",
    "accuracy": 0.9645433455974703,
    "roc_auc": 0.9947622753926437,
    "avg_precision": 0.9842494473360106,
    "f1_macro": 0.9468953269859534,
    "sensitivity": 0.966439989402102,
    "specificity": 0.9640668966562764,
    "ppv": 0.8710730205901083,
    "npv": 0.9913310951336266,
    "tp": 65658,
    "tn": 260729,
    "fp": 9718,
    "fn": 2280
  },
  "ens_metrics": {
    "name": "Ensemble",
    "accuracy": 0.9654624170693146,
    "roc_auc": 0.9949037380346184,
    "avg_precision": 0.9847045072533606,
    "f1_macro": 0.9481842546489205,
    "sensitivity": 0.9662927963731638,
    "specificity": 0.9652538205267576,
    "ppv": 0.8747817975881138,
    "npv": 0.9913040176198071,
    "tp": 65648,
    "tn": 261050,
    "fp": 9397,
    "fn": 2290
  }
}